"number","u_om_type","u_begin_time","u_cleared","calendar_duration","u_end_time","priority","u_notification_source","u_resolution_group","u_resolution_source","u_res_code","u_preventable_type","u_affected_nodes","u_public_or_private","u_search_markets","u_affected_area","short_description","u_affected_services","u_of_total_modems_on_node","u_of_modems_on_line","u_vendor"
"NOC0284873","Outage Other","2020-11-25 09:56:39","2020-11-25 18:10:00","30478","2020-11-25 18:24:37","2 - High","Alarms","External Vendor","Other","Vendor Resolved","Non Preventable","","Public","Charleston, Maryland, Auburn, Panama City, Pinellas, Cleveland, Montgomery, Valley, Huntsville, Illinois, Columbus, Oh, Augusta, Michigan, Dothan, Mid Michigan, Columbus, GA, Newnan, Evansville, Knoxville","","Cloud Service Application Issue: Affecting IVR, Credit Check,  All Provisioning.","Internal Services - Provisioning, Other","","",""
"NOC0284816","Outage Other","2020-11-24 16:27:32","2020-11-24 22:16:55","20983","2020-11-24 22:32:01","2 - High","Alarms","PM","Fiber Work-Contractor","Resolved","Preventable","OH-COLM-REY-FF40, OH-COLM-REY-FF41, OH-COLM-REY-FF42, OH-COLM-REY-FF43, OH-COLM-REY-FF49, OH-COLM-REY-FF50, OH-COLM-REY-FF52, OH-COLM-REY-FF53, OH-COLM-REY-FF59, OH-COLM-REY-FF61, OH-COLM-REY-FF62, OH-COLM-REY-FF65, OH-COLM-REY-FF66, OH-COLM-REY-FF68, OH-COLM-REY-FF76, OH-COLM-REY-FF77, OH-COLM-REY-FF78, OH-COLM-REY-FF80, OH-COLM-REY-FF81, OH-COLM-REY-RN12","Public","Columbus, Oh","","Multiple node outage affecting FF node in the Columbus Oh market - All services out ","Business, Voice, Video, HSD","","",""
"NOC0284862","Outage Node","2020-11-25 08:56:32","2020-11-25 09:35:44","2352","2020-11-25 09:35:44","3 - Moderate","Alarms","PM","Power Supply","Replace","Non Preventable","FL-PINE-HUA-AZ012","Public","Pinellas","","FL-PINE-HUA-AZ012","Business, Voice, Video, HSD","14","0",""
"NOC0284973","Outage Node","2020-11-26 08:36:56","2020-11-26 09:59:36","4960","2020-11-26 09:59:36","3 - Moderate","Alarms","PM","Amp","Replace","Non Preventable","MI-TROY-STH-SJ1P","Public","Michigan","","MI-TROY-STH-SJ1P","Business, Voice, Video, HSD","184","133",""
"NOC0284983","Outage Node","2020-11-26 10:08:18","2020-11-26 11:30:07","4910","2020-11-26 11:30:07","3 - Moderate","Alarms","PM","Node other","Resolved","Non Preventable","OH-CLEV-BER-PU012","Public","Cleveland","","OH-CLEV-BER-PU012","Business, Voice, Video, HSD","33","23",""
"NOC0284984","Outage Node","2020-11-26 11:05:46","2020-11-26 11:28:38","1372","2020-11-26 11:28:38","3 - Moderate","Other","PM","SNR","Cleared Before/At Arrival","Non Preventable","OH-COLM-ROB-CC24, OH-COLM-ROB-CC25","Public","Columbus, Oh","","OH-COLM-ROB-CC24, OH-COLM-ROB-CC25","Voice, Business, HSD","62","41",""
"NOC0284988","Outage Node","2020-11-26 11:54:12","2020-11-26 13:11:38","4677","2020-11-26 14:43:00","3 - Moderate","Alarms","PM","Cleared Before/At Arrival","Cleared Before/At Arrival","Non Preventable","FL-PINE-HUH-HK025","Public","Pinellas","","FL-PINE-HUH-HK025","Business, Voice, Video, HSD","25","10",""
"NOC0284996","Outage Node","2020-11-26 19:56:01","2020-11-27 13:09:47","62027","2020-11-27 13:09:47","3 - Moderate","Alarms","PM","Commercial Power-Node","Power Restored","Non Preventable","FL-PINE-HUC-CQ092","Public","Pinellas","","FL-PINE-HUC-CQ092","Business, Voice, Video, HSD","68","1",""
"NOC0284997","Outage Other","2020-11-26 20:57:33","2020-11-26 22:51:08","6815","2020-11-26 22:59:26","3 - Moderate","Call Center","Assurance Video","Local VIPr","Reboot","Non Preventable","","Public","Michigan","","Multiple Channel Outage - NBC HD (CH 203), CW HD (CH 204), Fox Sports Detroit HD (CH 220) - Michigan","Channel","","",""
"NOC0284999","Outage Node","2020-11-26 21:42:49","2020-11-27 06:39:11","32182","2020-11-27 06:55:17","3 - Moderate","Alarms","PM","Fiber Repaired/Cleaned","Outside Plant/Fiber","Non Preventable","FL-PINE-HUD-DX087","Public","Pinellas","","FL-PINE-HUD-DX087","Business, Voice, Video, HSD","28","0",""
"NOC0285001","Outage Node","2020-11-26 21:49:05","2020-11-27 06:39:05","31800","2020-11-27 06:54:31","3 - Moderate","Alarms","PM","Fiber Repaired/Cleaned","Outside Plant/Fiber","Non Preventable","FL-PINE-HUD-DX088","Public","Pinellas","","FL-PINE-HUD-DX088","Business, Voice, Video, HSD","45","1",""
"NOC0285003","Outage Node","2020-11-27 07:06:28","2020-11-27 08:36:10","5384","2020-11-27 08:36:10","3 - Moderate","Alarms","PM","Node Mod","Replace","Non Preventable","FL-PINE-HUD-DT045","Public","Pinellas","","FL-PINE-HUD-DT045","Business, Voice, Video, HSD","50","0",""
"NOC0284970","Outage Node","2020-11-26 06:55:17","2020-11-26 09:20:07","9410","2020-11-26 09:39:18","3 - Moderate","Alarms","PM","Amp","Replace","Non Preventable","FL-PINE-HUC-CO032","Public","Pinellas","","FL-PINE-HUC-CO032","Business, Voice, Video, HSD","18","4",""
"NOC0284966","Outage Node","2020-11-25 22:25:16","2020-11-26 07:04:15","31140","2020-11-26 07:04:15","3 - Moderate","Alarms","PM","Commercial Power-Node","Power Restored","Non Preventable","MI-MIDM-DIM-DIA01","Public","Mid Michigan","","MI-MIDM-DIM-DIA01","Business, Voice, Video, HSD","156","119",""
"NOC0284962","Outage Node","2020-11-25 20:19:41","2020-11-25 21:45:24","5143","2020-11-26 01:26:42","3 - Moderate","Alarms","PM","Umbilical cord","Resolved","Non Preventable","OH-COLM-IND-CR07","Public","Columbus, Oh","","OH-COLM-IND-CR07","Business, Voice, Video, HSD","45","8",""
"NOC0284864","Outage Other","2020-11-25 09:01:34","2020-11-25 09:08:48","1454","2020-11-25 09:26:57","3 - Moderate","Other","Assurance Video","IPTV encoder","Resolved","Non Preventable","","Public","Knoxville","","Single Channel Outage - USA (Ch 100) - (Knoxville) for WOW TV+","Video","","",""
"NOC0284884","Outage Node","2020-11-25 10:45:33","2020-11-25 11:33:42","2889","2020-11-25 11:33:42","3 - Moderate","Alarms","PM","Directional Coupler/Splitter","Replace","Non Preventable","FL-PANC-HUB-PB032","Public","Panama City","","FL-PANC-HUB-PB032","Business, Voice, Video, HSD","65","53",""
"NOC0284892","Outage Other","2020-11-25 11:27:47","2020-12-01 13:52:44","527097","2020-12-01 13:52:44","3 - Moderate","Other","Assurance Video","IPTV","Resolved","Non Preventable","","Public","Charleston, Maryland, Auburn, Panama City, Pinellas, Cleveland, Montgomery, Valley, Huntsville, Illinois, Columbus, Oh, Augusta, Michigan, Dothan, Mid Michigan, Columbus, GA, Newnan, Evansville, Knoxville","","Restart on BKM01 - All Markets - WOW TV+ VOD","Video","","",""
"NOC0284901","Outage Node","2020-11-25 12:36:38","2020-11-25 13:02:54","1578","2020-11-25 13:02:54","3 - Moderate","Alarms","PM","Cleared Before/At Arrival","Cleared Before/At Arrival","Non Preventable","MD-MILL-MILL-M074","Public","Maryland","","MD-MILL-MILL-M074","Business, Voice, Video, HSD","52","17",""
"NOC0284929","Outage Node","2020-11-25 15:17:47","2020-11-25 16:34:28","4601","2020-11-25 16:34:28","3 - Moderate","Call Center","PM","Directional Coupler/Splitter","Replace","Non Preventable","AL-MONT-HUC-MC039","Public","Montgomery","","AL-MONT-HUC-MC039","Business, Voice, Video, HSD","59","52",""
"NOC0284945","Outage Node","2020-11-25 16:52:57","2020-11-25 17:52:02","3546","2020-11-25 17:52:02","3 - Moderate","Alarms","PM","Cleared Before/At Arrival","Cleared Before/At Arrival","Non Preventable","OH-CLEV-NRO-JI24","Public","Cleveland","","OH-CLEV-NRO-JI24","Business, Voice, Video, HSD","154","3",""
"NOC0284955","Outage Other","2020-11-25 18:47:22","2020-11-25 19:13:24","1873","2020-11-25 19:42:14","3 - Moderate","Other","Billing","USHA","Resolved","Non Preventable","","Public","Charleston, Auburn, Panama City, Pinellas, Montgomery, Valley, Huntsville, Augusta, Dothan, Columbus, GA, Newnan, Knoxville","","USHA API services experience  error rate ","Business, Voice, Video, HSD","","",""
"NOC0284957","Outage Node","2020-11-25 19:09:44","2020-11-25 20:13:57","3853","2020-11-25 20:13:57","3 - Moderate","Alarms","PM","Power Supply","Temporary Workaround","Non Preventable","AL-MONT-HUC-MC003","Public","Montgomery","","AL-MONT-HUC-MC003","Business, Voice, Video, HSD","89","53",""
"NOC0284959","Outage Other","2020-11-25 19:14:03","2020-11-25 21:19:12","7509","2020-11-25 21:19:12","3 - Moderate","Alarms","External Vendor","Other Vendor Issue","Resolved","Non Preventable","","Public","Charleston, Maryland, Auburn, Panama City, Pinellas, Cleveland, Montgomery, Valley, Huntsville, Illinois, Columbus, Oh, Augusta, Michigan, Dothan, Mid Michigan, Columbus, GA, Newnan, Evansville, Knoxville","","Amazon Cloud services Errors ","Business, Voice, Video, HSD","","",""
"NOC0285010","Outage Node","2020-11-27 08:41:42","2020-11-27 09:23:13","2492","2020-11-27 09:23:13","3 - Moderate","Call Center","PM","Coax Main Line (main cut)","Resolved","Non Preventable","GA-NEWN-TCR-97","Public","Newnan","","GA-NEWN-TCR-97","Business, Voice, Video, HSD","46","24",""
"NOC0285014","Outage Other","2020-11-27 09:00:06","2020-11-27 11:15:35","9997","2020-11-27 14:33:51","2 - High","Other","Assurance Video","Local VIPr","Configuration","Non Preventable","","Public","Michigan","","Multiple Channel Outage: Impacting Several  Channels   Allen Park & Livonia , MI ","Video","","",""
"NOC0285132","Outage Node","2020-11-28 09:22:58","2020-11-28 09:53:46","1848","2020-11-28 12:13:16","3 - Moderate","Alarms","PM","Commercial Power-Node","Power Restored","Non Preventable","OH-COLM-GAH-EQ50","Public","Columbus, Oh","","OH-COLM-GAH-EQ50","Business, Voice, Video, HSD","81","0",""
"NOC0285136","Outage Node","2020-11-28 09:56:58","2020-11-28 10:57:19","3621","2020-11-28 11:14:10","3 - Moderate","Call Center","PM","Balanced Active","Resolved","Non Preventable","IL-NAPE-GLE-GE28","Public","Illinois","","IL-NAPE-GLE-GE28","Business, Voice, Video, HSD","114","98",""
"NOC0285143","Outage Node","2020-11-28 10:40:50","2020-11-28 11:29:07","2897","2020-11-28 12:50:45","3 - Moderate","Alarms","PM","Amp","Hardware Replaced","Non Preventable","OH-CLEV-NRO-NT34","Public","Cleveland","","OH-CLEV-NRO-NT34","Business, Voice, Video, HSD","63","45",""
"NOC0285158","Outage Node","2020-11-28 13:20:59","2020-11-28 14:21:39","3640","2020-11-28 21:24:58","3 - Moderate","Alarms","PM","Commercial Power-Node","Resolved","Non Preventable","OH-COLM-IND-CJ02","Public","Columbus, Oh","","OH-COLM-IND-CJ02","Business, Voice, Video, HSD","150","0",""
"NOC0285162","Outage Node","2020-11-28 13:37:06","2020-11-28 13:46:59","594","2020-11-28 13:46:59","3 - Moderate","Alarms","PM","Mainline Connector","Replace","Non Preventable","OH-COLM-PAR-CZ37","Public","Columbus, Oh","","OH-COLM-PAR-CZ37","Business, Voice, Video, HSD","88","0",""
"NOC0285167","Outage Node","2020-11-28 13:59:59","2020-11-28 18:03:46","14627","2020-11-28 18:03:46","3 - Moderate","Alarms","PM","Chargeable 3rd Party","Chargeable 3rd Party","Non Preventable","MI-MIDM-DIM-WIL03","Public","Mid Michigan","","MI-MIDM-DIM-WIL03","Business, Voice, Video, HSD","95","63",""
"NOC0285165","Outage Other","2020-11-28 13:54:29","2020-11-28 14:45:58","3089","2020-11-28 14:45:58","3 - Moderate","Call Center","App Dev","Server - Other","Resolved","Non Preventable","","Public","Charleston, Maryland, Auburn, Panama City, Pinellas, Cleveland, Montgomery, Valley, Huntsville, Illinois, Columbus, Oh, Augusta, Michigan, Dothan, Mid Michigan, Columbus, GA, Newnan, Evansville, Knoxville","","Agents are unable to get to GooRoo","Internal Services - Other","","",""
"NOC0285172","Outage Node","2020-11-28 14:36:09","2020-11-28 16:23:46","6458","2020-11-28 16:23:46","3 - Moderate","Call Center","PM","Commercial Power-Node","Power Restored","Non Preventable","IL-NAPE-PRO-CP12","Public","Illinois","","IL-NAPE-PRO-CP12","Business, Voice, Video, HSD","42","28",""
"NOC0285182","Outage Node","2020-11-28 19:38:32","2020-11-28 20:35:28","3417","2020-11-28 20:35:28","3 - Moderate","Alarms","PM","Cleared Before/At Arrival","Cleared Before/At Arrival","Non Preventable","OH-CLEV-SEV-VV08","Public","Cleveland","","OH-CLEV-SEV-VV08","Business, Voice, Video, HSD","39","0",""
"NOC0285184","Outage Node","2020-11-28 19:54:31","2020-11-28 20:45:51","3081","2020-11-28 22:44:39","3 - Moderate","Alarms","PM","Cleared Before/At Arrival","Cleared Before/At Arrival","Non Preventable","AL-HUNT-HUH-HH050","Public","Huntsville","","AL-HUNT-HUH-HH050","Business, Voice, Video, HSD","54","29",""
"NOC0285117","Outage Node","2020-11-28 01:58:42","2020-11-28 04:23:24","8683","2020-11-28 04:23:24","3 - Moderate","Alarms","PM","Amp","Replace","Non Preventable","IL-NAPE-DPL-PK09, IL-NAPE-DPL-PK22","Public","Illinois","","IL-NAPE-DPL-PK09, IL-NAPE-DPL-PK22","Voice, Business, HSD","52","50",""
"NOC0285115","Outage Other","2020-11-28 00:39:13","2020-11-28 01:10:03","1850","2020-11-28 06:37:56","3 - Moderate","Alarms","PM","Cleared Before/At Arrival","Vendor Resolved","Non Preventable","","Public","Pinellas","","Multiple Channel Outage -Estrell WMOR SD (ch 128), ThisTV WMOR SD (ch 126), WMOR HD (ch 929) Pinellas","Channel","","",""
"NOC0285113","Outage Node","2020-11-27 20:49:08","2020-11-27 22:29:32","6024","2020-11-27 22:29:32","3 - Moderate","Call Center","PM","Gainspeed Node","Reset","Non Preventable","OH-CLEV-BER-PU137","Public","Cleveland","","OH-CLEV-BER-PU137","Business, Voice, Video, HSD","15","0",""
"NOC0285020","Outage Node","2020-11-27 09:36:19","2020-11-27 09:48:26","727","2020-11-27 09:48:26","3 - Moderate","Alarms","PM","Node other","Temporary Workaround","Non Preventable","OH-CLEV-BER-AL25","Public","Cleveland","","OH-CLEV-BER-AL25","Business, Voice, Video, HSD","105","86",""
"NOC0285028","Outage Node","2020-11-27 10:28:11","2020-11-27 11:17:12","2942","2020-11-27 11:17:12","3 - Moderate","Alarms","PM","Seizure screw","Replace","Non Preventable","MI-TROY-UTI-RH85","Public","Michigan","","MI-TROY-UTI-RH85","Business, Voice, Video, HSD","102","0",""
"NOC0285039","Outage Other","2020-11-27 11:01:03","2020-11-27 11:23:03","1320","2020-11-27 11:23:03","3 - Moderate","Other","Assurance Video","IPTV encoder","Resolved","Non Preventable","","Public","Montgomery","","Single Channel Outage - PBS WAIQ (Channel 5) - Montgomery for WOW TV+","Video","","",""
"NOC0285060","Outage Node","2020-11-27 13:22:48","2020-11-27 14:20:06","3438","2020-11-27 16:38:25","3 - Moderate","Alarms","PM","Amp","Replace","Non Preventable","IL-NAPE-WCH-SW07","Public","Illinois","","IL-NAPE-WCH-SW07","Business, Voice, Video, HSD","99","66",""
"NOC0285067","Outage Node","2020-11-27 14:07:26","2020-11-27 14:45:07","2262","2020-11-27 14:45:07","3 - Moderate","Alarms","PM","Power Supply","Resolved","Non Preventable","MD-MILL-MILL-M087","Public","Maryland","","MD-MILL-MILL-M087","Business, Voice, Video, HSD","34","0",""
"NOC0285080","Outage Node","2020-11-27 15:26:39","2020-11-27 16:01:37","2098","2020-11-27 23:30:14","3 - Moderate","Alarms","PM","Commercial Power-Node","Power Restored","Non Preventable","OH-COLM-WBR-CQ16","Public","Columbus, Oh","","OH-COLM-WBR-CQ16","Business, Voice, Video, HSD","168","5",""
"NOC0285085","Outage Node","2020-11-27 15:46:48","2020-11-27 16:05:59","1152","2020-11-27 16:05:59","3 - Moderate","Alarms","PM","Cleared Before/At Arrival","Cleared Before/At Arrival","Non Preventable","FL-PINE-HUD-DV048","Public","Pinellas","","FL-PINE-HUD-DV048","Business, Voice, Video, HSD","31","26",""
"NOC0285091","Outage Other","2020-11-27 16:13:51","2020-11-27 17:50:14","5783","2020-11-27 17:50:14","4 - Low","Call Center","Assurance Access","IP Conflict/Route/Depleted","Resolved","Non Preventable","","Public","Mid Michigan","","Mid Michigan MI-MIDM-DIM-CMTS-1-E6-Low Available IPs","HSD","","",""
"NOC0285111","Outage Node","2020-11-27 20:29:24","2020-11-27 22:13:00","6217","2020-11-27 22:13:00","3 - Moderate","Call Center","PM","Amp","Replace","Non Preventable","IL-NAPE-ELG-EL72","Public","Illinois","","IL-NAPE-ELG-EL72","Business, Voice, Video, HSD","120","109",""
"NOC0285112","Outage Node","2020-11-27 20:35:39","2020-11-27 21:12:08","2189","2020-11-27 21:33:53","3 - Moderate","Alarms","PM","Power Pack","Resolved","Non Preventable","AL-HUNT-HUB-HB020","Public","Huntsville","","AL-HUNT-HUB-HB020","Business, Voice, Video, HSD","77","60",""
"NOC0285185","Outage Node","2020-11-28 22:45:53","2020-11-29 01:24:32","9519","2020-11-29 01:24:32","3 - Moderate","Alarms","PM","Cleared Before/At Arrival","Cleared Before/At Arrival","Non Preventable","IL-NAPE-BIS-CD06, IL-NAPE-BIS-CD08, IL-NAPE-BIS-CD12, IL-NAPE-BIS-CD04","Public","Illinois","","IL-NAPE-BIS-CD06, IL-NAPE-BIS-CD08, IL-NAPE-BIS-CD12, IL-NAPE-BIS-CD04","Voice, Business, HSD","107","85",""
"NOC0284534","Outage Node","2020-11-23 02:25:53","2020-11-23 07:12:44","17212","2020-11-23 07:12:44","3 - Moderate","Alarms","PM","Node Mod","Replace","Non Preventable","OH-CLEV-SEV-GA10","Public","Cleveland","","OH-CLEV-SEV-GA10","Business, Voice, Video, HSD","97","2",""
"NOC0284611","Outage Node","2020-11-23 12:41:31","2020-11-23 13:18:28","7817","2020-11-23 13:18:28","3 - Moderate","Alarms","PM","Cleared Before/At Arrival","Cleared Before/At Arrival","Non Preventable","IN-EVAN-EVV-A013","Public","Evansville","","IN-EVAN-EVV-A013","Business, Voice, Video, HSD","26","5",""
"NOC0284612","Outage Node","2020-11-23 12:43:25","2020-11-23 13:18:11","7641","2020-11-23 13:18:45","3 - Moderate","Alarms","PM","Cleared Before/At Arrival","Cleared Before/At Arrival","Non Preventable","IN-EVAN-EVV-A014","Public","Evansville","","IN-EVAN-EVV-A014","Business, Voice, Video, HSD","54","6",""
"NOC0284624","Outage Node","2020-11-23 13:38:45","2020-11-23 14:17:00","2295","2020-11-23 16:37:24","3 - Moderate","Alarms","PM","Amp","Replace","Non Preventable","MI-TROY-LIV-GC02","Public","Michigan","","MI-TROY-LIV-GC02","Business, Voice, Video, HSD","176","142",""
"NOC0284628","Outage Node","2020-11-23 13:44:53","2020-11-23 15:54:04","7751","2020-11-23 15:54:04","3 - Moderate","Alarms","PM","Amp","Replace","Non Preventable","MD-MILL-MILL-M065","Public","Maryland","","MD-MILL-MILL-M065","Business, Voice, Video, HSD","48","35",""
"NOC0284631","Outage Node","2020-11-23 14:00:35","2020-11-23 14:52:44","3129","2020-11-23 16:47:41","3 - Moderate","Alarms","PM","Amp","Replace","Non Preventable","FL-PINE-HUD-DT020","Public","Pinellas","","FL-PINE-HUD-DT020","Business, Voice, Video, HSD","60","9",""
"NOC0284635","Outage Node","2020-11-23 14:08:33","2020-11-23 14:55:47","2835","2020-11-23 14:55:47","3 - Moderate","Call Center","PM","Pad/Equalizer","Replace","Non Preventable","OH-CLEV-SEV-GA10","Public","Cleveland","","OH-CLEV-SEV-GA10","Business, Voice, Video, HSD","97","89",""
"NOC0284650","Outage Node","2020-11-23 14:59:06","2020-11-23 17:58:49","10783","2020-11-23 18:00:06","3 - Moderate","Alarms","PM","Return Path Transmitter","Resolved","Non Preventable","IN-EVAN-EVV-A183, IN-EVAN-EVV-A184","Public","Evansville","","IN-EVAN-EVV-A183, IN-EVAN-EVV-A184","Voice, Business, HSD","256","138",""
"NOC0284653","Outage Node","2020-11-23 15:08:05","2020-11-23 17:35:11","8827","2020-11-23 17:35:11","3 - Moderate","Alarms","PM","Chargeable 3rd Party","Hardware Replaced","Non Preventable","OH-COLM-WVL-WE35","Public","Columbus, Oh","","OH-COLM-WVL-WE35","Business, Voice, Video, HSD","146","124",""
"NOC0284655","Outage Node","2020-11-23 15:15:18","2020-11-23 16:20:29","3911","2020-11-23 16:20:29","3 - Moderate","Call Center","PM","Real Time Maintenance","Maintenance Complete","Non Preventable","AL-MONT-HUC-MC004","Public","Montgomery","","AL-MONT-HUC-MC004","Business, Voice, Video, HSD","47","40",""
"NOC0284669","Outage Node","2020-11-23 17:06:28","2020-11-23 17:42:40","2172","2020-11-23 17:42:40","3 - Moderate","Alarms","PM","SNR","SNR - Active","Non Preventable","MD-MILL-MILL-M030","Public","Maryland","","MD-MILL-MILL-M030","Business, Voice, Video, HSD","25","12",""
"NOC0284610","Outage Node","2020-11-23 12:28:15","2020-11-23 14:10:15","6120","2020-11-23 15:52:11","3 - Moderate","Other","PM","Tap/Housing","Replace","Non Preventable","MI-MIDM-DIM-POR01","Public","Mid Michigan","","MI-MIDM-DIM-POR01","Business, Voice, Video, HSD","234","216",""
"NOC0284606","Outage Node","2020-11-23 12:22:18","2020-11-23 12:58:25","2168","2020-11-23 12:58:25","3 - Moderate","Alarms","PM","Amp","Replace","Non Preventable","OH-COLM-REY-FF66","Public","Columbus, Oh","","OH-COLM-REY-FF66","Business, Voice, Video, HSD","67","39",""
"NOC0284543","Outage Node","2020-11-23 07:13:36","2020-11-23 07:36:56","1400","2020-11-23 10:11:12","3 - Moderate","Alarms","PM","Cleared Before/At Arrival","Cleared Before/At Arrival","Non Preventable","IL-NAPE-BIS-CD08, IL-NAPE-BIS-CD06, IL-NAPE-BIS-CD04, IL-NAPE-BIS-CD12","Public","Illinois","","IL-NAPE-BIS-CD08, IL-NAPE-BIS-CD06, IL-NAPE-BIS-CD04, IL-NAPE-BIS-CD12","Voice, Business, HSD","0","0",""
"NOC0284548","Outage Other","2020-11-23 08:25:28","2020-11-23 09:27:54","3746","2020-11-23 09:27:54","3 - Moderate","Other","Assurance Video","IPTV encoder","Reset","Non Preventable","","Public","Panama City, Pinellas, Cleveland, Illinois, Columbus, Oh, Michigan, Mid Michigan, Evansville, Knoxville","","Single Channel Outage for IPTV+ Only - Station Cheddar(Channel 311) - All IPTV+ Markets","Video","","",""
"NOC0284552","Outage Node","2020-11-23 08:55:06","2020-11-23 09:20:08","1502","2020-11-23 11:21:11","3 - Moderate","Other","PM","Balanced Active","Resolved","Non Preventable","IL-NAPE-NSO-NA2H","Public","Illinois","","IL-NAPE-NSO-NA2H","Business, Voice, Video, HSD","128","119",""
"NOC0284553","Outage Node","2020-11-23 08:58:10","2020-11-23 10:12:46","4476","2020-11-23 10:12:46","3 - Moderate","Alarms","PM","Amp","Replace","Non Preventable","GA-WSPT-HUH-WH11A","Public","Valley","","GA-WSPT-HUH-WH11A","Business, Voice, Video, HSD","62","48",""
"NOC0284561","Outage Node","2020-11-23 09:25:31","2020-11-23 09:54:54","1867","2020-11-23 14:16:20","3 - Moderate","Alarms","PM","Commercial Power-Node","Power Restored","Non Preventable","AL-MONT-HUG-MG026","Public","Montgomery","","AL-MONT-HUG-MG026","Business, Voice, Video, HSD","16","0",""
"NOC0284560","Outage Node","2020-11-23 09:22:42","2020-11-23 10:04:28","2508","2020-11-23 10:04:28","3 - Moderate","Alarms","PM","Cleared Before/At Arrival","Cleared Before/At Arrival","Non Preventable","OH-COLM-IND-CR20","Public","Columbus, Oh","","OH-COLM-IND-CR20","Business, Voice, Video, HSD","56","5",""
"NOC0284567","Outage Node","2020-11-23 09:32:11","2020-11-23 11:43:13","7863","2020-11-23 11:43:13","3 - Moderate","Alarms","PM","Commercial Power-Node","Cleared Before/At Arrival","Non Preventable","OH-COLM-IND-CR19","Public","Columbus, Oh","","OH-COLM-IND-CR19","Business, Voice, Video, HSD","59","12",""
"NOC0284573","Outage Node","2020-11-23 09:43:16","2020-11-23 10:24:37","2481","2020-11-23 11:54:51","3 - Moderate","Other","PM","Cleared Before/At Arrival","Cleared Before/At Arrival","Non Preventable","IL-NAPE-ELG-EL72","Public","Illinois","","IL-NAPE-ELG-EL72","Business, Voice, Video, HSD","121","112",""
"NOC0284596","Outage Node","2020-11-23 11:26:10","2020-11-23 13:22:11","6961","2020-11-23 13:22:11","3 - Moderate","Call Center","PM","Coax Main Line (main cut)","Chargeable 3rd Party","Non Preventable","FL-PINE-HUB-BR130","Public","Pinellas","","FL-PINE-HUB-BR130","Business, Voice, Video, HSD","66","60",""
"NOC0284604","Outage Node","2020-11-23 12:05:55","2020-11-23 17:33:16","17538","2020-11-23 17:33:25","3 - Moderate","Alarms","PM","Chargeable 3rd Party","Resolved","Non Preventable","OH-COLM-GAH-EQ07","Public","Columbus, Oh","","OH-COLM-GAH-EQ07","Business, Voice, Video, HSD","80","47",""
"NOC0284672","Outage Other","2020-11-23 17:11:46","2020-11-23 17:20:01","495","2020-11-23 17:20:01","3 - Moderate","Call Center","Assurance Video","GQAM","Reboot","Non Preventable","","Public","Columbus, GA","","Multiple Channel Outage - ABC HD (CH 901), CBS HD (CH 902), NBC HD (CH 903) - Columbus, GA","Channel","","",""
"NOC0284674","Outage Other","2020-11-23 17:12:04","2020-11-23 17:39:24","1641","2020-11-23 17:39:24","5 - Normal","Other","Assurance Access","IP Conflict/Route/Depleted","Replace","Non Preventable","","Public","Mid Michigan","","Mid Michigan-MI-MIDM-DIM-CMTS-1-E6-Low Available IPs","HSD","","",""
"NOC0284677","Outage Node","2020-11-23 17:25:11","2020-11-23 20:04:29","9558","2020-11-23 20:04:29","3 - Moderate","Call Center","PM","Mainline Connector","Replace","Non Preventable","MD-MILL-MILL-M075","Public","Maryland","","MD-MILL-MILL-M075","Business, Voice, Video, HSD","23","33",""
"NOC0284788","Outage Node","2020-11-24 14:28:28","2020-11-24 16:04:25","5757","2020-11-24 16:46:39","3 - Moderate","Alarms","PM","Power Supply","Power Restored","Non Preventable","FL-PINE-HUB-BR066","Public","Pinellas","","FL-PINE-HUB-BR066","Business, Voice, Video, HSD","39","0",""
"NOC0284799","Outage Node","2020-11-24 15:09:55","2020-11-24 16:26:26","5276","2020-11-24 16:37:51","3 - Moderate","Call Center","PM","SNR","SNR - Disconnect Drop","Non Preventable","OH-COLM-ROB-CC40, OH-COLM-ROB-CC09","Public","Columbus, Oh","","OH-COLM-ROB-CC40, OH-COLM-ROB-CC09","Voice, Business, HSD","52","50",""
"NOC0284807","Outage Node","2020-11-24 15:29:40","2020-11-24 16:23:20","3221","2020-11-24 16:23:20","3 - Moderate","Alarms","PM","Node Mod","Replace","Non Preventable","SC-CHAR-HUH-CH20","Public","Charleston","","SC-CHAR-HUH-CH20","Business, Voice, Video, HSD","44","34",""
"NOC0284828","Outage Node","2020-11-24 17:52:29","2020-11-24 18:41:10","2921","2020-11-24 18:41:10","3 - Moderate","Alarms","PM","Amp","Reset","Non Preventable","MI-TROY-ALP-LI06, MI-TROY-ALP-LI23","Public","Michigan","","MI-TROY-ALP-LI06, MI-TROY-ALP-LI23","Voice, Business, HSD","232","0",""
"NOC0284829","Outage Node","2020-11-24 17:58:02","2020-11-24 18:49:21","3079","2020-11-24 19:01:26","3 - Moderate","Alarms","PM","Amp","Resolved","Non Preventable","MI-TROY-ROS-CA74","Public","Michigan","","MI-TROY-ROS-CA74","Business, Voice, Video, HSD","96","76",""
"NOC0284832","Outage Node","2020-11-24 18:38:55","2020-11-24 20:07:24","5335","2020-11-24 20:24:12","3 - Moderate","Alarms","PM","Motherboard","Resolved","Non Preventable","MI-TROY-NVI-NW05","Public","Michigan","","MI-TROY-NVI-NW05","Business, Voice, Video, HSD","138","2",""
"NOC0284842","Outage Node","2020-11-25 00:45:47","2020-11-25 02:22:32","5805","2020-11-25 04:57:23","3 - Moderate","Other","PM","Short ","Resolved","Non Preventable","OH-CLEV-BER-NR34","Public","Cleveland","","OH-CLEV-BER-NR34","Business, Voice, Video, HSD","86","0",""
"NOC0284844","Outage Other","2020-11-25 03:02:57","2020-11-25 03:46:51","2634","2020-11-25 05:28:19","3 - Moderate","Alarms","PM","Cleared Before/At Arrival","Cleared Before/At Arrival","Non Preventable","","Public","Columbus, GA","","Multiple Channel Outage - CBS WRBL HD(ch 902) and  SD(ch 4), MeTV SD(ch 168)  - Columbus, GA Market","Channel, Video","","",""
"NOC0284850","Outage Node","2020-11-25 07:30:18","2020-11-25 08:23:50","3213","2020-11-25 08:23:50","3 - Moderate","Alarms","PM","Cleared Before/At Arrival","Cleared Before/At Arrival","Non Preventable","OH-COLM-RRD-CB1F","Public","Columbus, Oh","","OH-COLM-RRD-CB1F","Business, Voice, Video, HSD","90","66",""
"NOC0284859","Outage Node","2020-11-25 08:36:59","2020-11-25 08:54:24","1046","2020-11-25 08:54:24","3 - Moderate","Alarms","PM","Cleared Before/At Arrival","Cleared Before/At Arrival","Non Preventable","OH-COLM-PAR-CZ19","Public","Columbus, Oh","","OH-COLM-PAR-CZ19","Business, Voice, Video, HSD","79","8",""
"NOC0284777","Outage Other","2020-11-24 13:07:47","2020-11-24 13:41:16","2009","2020-11-24 13:41:16","3 - Moderate","Alarms","External Vendor","Off Air Provider","Resolved","Non Preventable","","Public","Columbus, GA","","Single Channel Outage - Station WJSP(Channel 905) - Columbus GA Market","Video","","",""
"NOC0284755","Outage Other","2020-11-24 11:18:03","2020-11-24 12:33:27","4524","2020-11-24 12:33:27","3 - Moderate","Other","Assurance Video","IPTV encoder","Resolved","Non Preventable","","Public","Pinellas","","Single Channel Outage - PBS (Ch 3) - (Pinellas) for WOW TV+","Video","","",""
"NOC0284675","Outage Other","2020-11-23 17:19:37","2020-11-24 12:30:39","70133","2020-11-24 12:59:37","3 - Moderate","Other","App Dev","Website","Resolved","Non Preventable","","Public","Charleston, Maryland, Auburn, Panama City, Pinellas, Cleveland, Montgomery, Valley, Huntsville, Illinois, Columbus, Oh, Augusta, Michigan, Dothan, Mid Michigan, Columbus, GA, Newnan, Evansville, Knoxville","","Customers unable to access Activate.wowway.com on their Wow network ","WOW TV +","","",""
"NOC0284678","Outage Node","2020-11-23 17:36:15","2020-11-23 18:49:27","4392","2020-11-23 18:49:27","3 - Moderate","Alarms","PM","Breaker ","Reset","Non Preventable","OH-COLM-REY-FF40","Public","Columbus, Oh","","OH-COLM-REY-FF40","Business, Voice, Video, HSD","193","1",""
"NOC0284688","Outage Node","2020-11-23 21:17:47","2020-11-23 22:50:11","5545","2020-11-23 22:50:11","3 - Moderate","Alarms","PM","Amp","Replace","Non Preventable","FL-PINE-HUA-AW024, FL-PINE-HUA-AW025, FL-PINE-HUA-AW026, FL-PINE-HUA-AW039, FL-PINE-HUA-AZ002, FL-PINE-HUA-AZ011, FL-PINE-HUA-AZ059, FL-PINE-HUA-AZ066","Public","Pinellas","","FL-PINE-HUA-AW024, FL-PINE-HUA-AW025, FL-PINE-HUA-AW026, FL-PINE-HUA-AW039, FL-PINE-HUA-AZ002, FL-PINE-HUA-AZ011, FL-PINE-HUA-AZ059, FL-PINE-HUA-AZ066","Voice, Business, HSD","93","54",""
"NOC0284690","Outage Node","2020-11-23 22:55:15","2020-11-24 00:13:11","4676","2020-11-24 00:21:30","3 - Moderate","Alarms","PM","Cleared Before/At Arrival","Cleared Before/At Arrival","Non Preventable","OH-COLM-GRC-GV33","Public","Columbus, Oh","","OH-COLM-GRC-GV33","Business, Voice, Video, HSD","103","3",""
"NOC0284692","Outage Node","2020-11-24 00:53:22","2020-11-24 07:30:18","23817","2020-11-24 07:30:18","3 - Moderate","Alarms","PM","Coax Main Line (main cut)","Temporary Workaround","Non Preventable","MI-TROY-CEN-WR82","Public","Michigan","","MI-TROY-CEN-WR82","Business, Voice, Video, HSD","77","53",""
"NOC0284694","Outage Node","2020-11-24 01:19:23","2020-11-24 01:45:58","1595","2020-11-24 07:10:51","3 - Moderate","Alarms","PM","SNR","SNR - Coax","Non Preventable","MI-TROY-TRY-BR03, MI-TROY-TRY-BR07, MI-TROY-TRY-BR10","Public","Michigan","","MI-TROY-TRY-BR03, MI-TROY-TRY-BR07, MI-TROY-TRY-BR10","Voice, Business, HSD","59","59",""
"NOC0284706","Outage Node","2020-11-24 06:55:18","2020-11-24 07:28:55","2017","2020-11-24 12:10:07","3 - Moderate","Alarms","PM","Amp","Replace","Non Preventable","OH-CLEV-BER-AL25","Public","Cleveland","","OH-CLEV-BER-AL25","Business, Voice, Video, HSD","105","87",""
"NOC0284715","Outage Node","2020-11-24 08:40:17","2020-11-24 08:50:00","957","2020-11-24 08:56:13","3 - Moderate","Alarms","PM","Cleared Before/At Arrival","Cleared Before/At Arrival","Non Preventable","MI-MIDM-DIM-STO01","Public","Mid Michigan","","MI-MIDM-DIM-STO01","Business, Voice, Video, HSD","350","294",""
"NOC0284717","Outage Node","2020-11-24 09:00:21","2020-11-24 09:48:01","2860","2020-11-24 09:48:01","3 - Moderate","Alarms","PM","Power Inserter","Replace","Non Preventable","FL-PINE-HUA-AZ012","Public","Pinellas","","FL-PINE-HUA-AZ012","Business, Voice, Video, HSD","15","0",""
"NOC0284733","Outage Node","2020-11-24 09:45:48","2020-11-24 10:48:58","3790","2020-11-24 10:48:58","3 - Moderate","Other","PM","Cleared Before/At Arrival","Cleared Before/At Arrival","Non Preventable","IL-NAPE-PUL-CU51","Public","Illinois","","IL-NAPE-PUL-CU51","Business, Voice, Video, HSD","44","39",""
"NOC0284860","Outage Node","2020-11-25 08:39:30","2020-11-25 09:32:43","3194","2020-11-25 09:32:43","3 - Moderate","Alarms","PM","Real Time Maintenance","Maintenance Complete","Non Preventable","OH-CLEV-NRO-NT26","Public","Cleveland","","OH-CLEV-NRO-NT26","Business, Voice, Video, HSD","108","0",""
